2021;Sunrise;Noon;Sunset;Length;Change;AT_east;NT_east;CT_east;CT_west;NT_west;AT_west
01.01.2021;9:00:29;12:34:13;16:07:58;7:07;+1:21;6:40:27;7:25:37;8:14:03;16:54:24;17:42:50;18:28:00
02.01.2021;9:00:12;12:34:41;16:09:10;7:08;+1:29;6:40:24;7:25:31;8:13:52;16:55:29;17:43:51;18:28:58
03.01.2021;8:59:51;12:35:08;16:10:25;7:10;+1:36;6:40:17;7:25:22;8:13:39;16:56:37;17:44:54;18:29:59
04.01.2021;8:59:26;12:35:35;16:11:44;7:12;+1:44;6:40:08;7:25:09;8:13:21;16:57:48;17:46:00;18:31:02
05.01.2021;8:58:57;12:36:01;16:13:06;7:14;+1:51;6:39:56;7:24:54;8:13:01;16:59:02;17:47:08;18:32:07
06.01.2021;8:58:24;12:36:27;16:14:31;7:16;+1:58;6:39:40;7:24:36;8:12:36;17:00:18;17:48:19;18:33:14
07.01.2021;8:57:47;12:36:53;16:15:59;7:18;+2:05;6:39:22;7:24:14;8:12:09;17:01:37;17:49:32;18:34:24
08.01.2021;8:57:07;12:37:18;16:17:30;7:20;+2:11;6:39:01;7:23:49;8:11:38;17:02:59;17:50:47;18:35:36
09.01.2021;8:56:23;12:37:43;16:19:04;7:22;+2:18;6:38:37;7:23:21;8:11:03;17:04:23;17:52:05;18:36:49
10.01.2021;8:55:35;12:38:07;16:20:40;7:25;+2:25;6:38:09;7:22:50;8:10:25;17:05:49;17:53:25;18:38:05
11.01.2021;8:54:43;12:38:31;16:22:19;7:27;+2:30;6:37:39;7:22:16;8:09:44;17:07:18;17:54:46;18:39:23
12.01.2021;8:53:48;12:38:54;16:24:01;7:30;+2:37;6:37:06;7:21:39;8:09:00;17:08:49;17:56:10;18:40:43
13.01.2021;8:52:50;12:39:17;16:25:45;7:32;+2:43;6:36:30;7:20:59;8:08:12;17:10:22;17:57:36;18:42:04
14.01.2021;8:51:48;12:39:39;16:27:31;7:35;+2:48;6:35:51;7:20:16;8:07:22;17:11:57;17:59:03;18:43:28
15.01.2021;8:50:42;12:40:01;16:29:19;7:38;+2:53;6:35:09;7:19:29;8:06:28;17:13:34;18:00:32;18:44:53
16.01.2021;8:49:34;12:40:22;16:31:10;7:41;+2:59;6:34:24;7:18:40;8:05:31;17:15:13;18:02:04;18:46:19
17.01.2021;8:48:22;12:40:42;16:33:02;7:44;+3:04;6:33:37;7:17:48;8:04:31;17:16:53;18:03:36;18:47:48
18.01.2021;8:47:08;12:41:02;16:34:56;7:47;+3:09;6:32:46;7:16:53;8:03:28;17:18:36;18:05:11;18:49:18
19.01.2021;8:45:50;12:41:21;16:36:52;7:51;+3:14;6:31:53;7:15:55;8:02:22;17:20:20;18:06:46;18:50:49
20.01.2021;8:44:29;12:41:39;16:38:50;7:54;+3:18;6:30:57;7:14:55;8:01:13;17:22:05;18:08:24;18:52:22
21.01.2021;8:43:05;12:41:57;16:40:49;7:57;+3:23;6:29:58;7:13:51;8:00:02;17:23:52;18:10:03;18:53:56
22.01.2021;8:41:39;12:42:14;16:42:49;8:01;+3:27;6:28:56;7:12:45;7:58:47;17:25:41;18:11:43;18:55:32
23.01.2021;8:40:09;12:42:30;16:44:51;8:04;+3:31;6:27:51;7:11:36;7:57:30;17:27:30;18:13:24;18:57:09
24.01.2021;8:38:38;12:42:46;16:46:54;8:08;+3:35;6:26:44;7:10:25;7:56:10;17:29:21;18:15:07;18:58:48
25.01.2021;8:37:03;12:43:00;16:48:58;8:11;+3:38;6:25:34;7:09:10;7:54:48;17:31:13;18:16:51;19:00:27
26.01.2021;8:35:26;12:43:14;16:51:03;8:15;+3:42;6:24:21;7:07:53;7:53:23;17:33:06;18:18:36;19:02:08
27.01.2021;8:33:46;12:43:28;16:53:09;8:19;+3:46;6:23:05;7:06:34;7:51:55;17:35:00;18:20:21;19:03:50
28.01.2021;8:32:04;12:43:40;16:55:16;8:23;+3:49;6:21:47;7:05:12;7:50:25;17:36:55;18:22:08;19:05:33
29.01.2021;8:30:20;12:43:52;16:57:23;8:27;+3:52;6:20:27;7:03:47;7:48:53;17:38:51;18:23:56;19:07:17
30.01.2021;8:28:34;12:44:03;16:59:31;8:30;+3:54;6:19:03;7:02:20;7:47:18;17:40:47;18:25:45;19:09:02
31.01.2021;8:26:45;12:44:13;17:01:40;8:34;+3:58;6:17:37;7:00:50;7:45:40;17:42:45;18:27:35;19:10:48
01.02.2021;8:24:54;12:44:22;17:03:50;8:38;+4:00;6:16:09;6:59:18;7:44:01;17:44:43;18:29:25;19:12:35
02.02.2021;8:23:01;12:44:30;17:06:00;8:42;+4:03;6:14:38;6:57:44;7:42:19;17:46:42;18:31:17;19:14:23
03.02.2021;8:21:06;12:44:38;17:08:10;8:47;+4:05;6:13:04;6:56:07;7:40:35;17:48:41;18:33:08;19:16:11
04.02.2021;8:19:09;12:44:45;17:10:20;8:51;+4:08;6:11:28;6:54:28;7:38:49;17:50:40;18:35:01;19:18:01
05.02.2021;8:17:10;12:44:51;17:12:31;8:55;+4:09;6:09:50;6:52:47;7:37:01;17:52:41;18:36:54;19:19:51
06.02.2021;8:15:10;12:44:56;17:14:42;8:59;+4:12;6:08:09;6:51:04;7:35:10;17:54:41;18:38:48;19:21:43
07.02.2021;8:13:07;12:45:00;17:16:53;9:03;+4:14;6:06:26;6:49:18;7:33:18;17:56:42;18:40:43;19:23:35
08.02.2021;8:11:03;12:45:04;17:19:05;9:08;+4:15;6:04:40;6:47:30;7:31:24;17:58:44;18:42:37;19:25:27
09.02.2021;8:08:57;12:45:07;17:21:16;9:12;+4:18;6:02:52;6:45:40;7:29:28;18:00:45;18:44:33;19:27:21
10.02.2021;8:06:49;12:45:08;17:23:27;9:16;+4:18;6:01:02;6:43:48;7:27:30;18:02:47;18:46:29;19:29:15
11.02.2021;8:04:40;12:45:10;17:25:39;9:20;+4:21;5:59:09;6:41:54;7:25:30;18:04:49;18:48:25;19:31:10
12.02.2021;8:02:30;12:45:10;17:27:50;9:25;+4:22;5:57:15;6:39:58;7:23:29;18:06:51;18:50:22;19:33:05
13.02.2021;8:00:18;12:45:09;17:30:01;9:29;+4:23;5:55:17;6:38:00;7:21:25;18:08:53;18:52:19;19:35:01
14.02.2021;7:58:04;12:45:08;17:32:12;9:34;+4:24;5:53:18;6:36:00;7:19:20;18:10:56;18:54:16;19:36:58
15.02.2021;7:55:49;12:45:06;17:34:23;9:38;+4:26;5:51:17;6:33:58;7:17:14;18:12:58;18:56:14;19:38:56
16.02.2021;7:53:33;12:45:03;17:36:33;9:43;+4:27;5:49:13;6:31:54;7:15:05;18:15:01;18:58:12;19:40:54
17.02.2021;7:51:16;12:45:00;17:38:44;9:47;+4:27;5:47:07;6:29:49;7:12:56;18:17:04;19:00:11;19:42:52
18.02.2021;7:48:57;12:44:55;17:40:54;9:51;+4:29;5:44:59;6:27:41;7:10:44;18:19:06;19:02:10;19:44:52
19.02.2021;7:46:37;12:44:50;17:43:03;9:56;+4:30;5:42:49;6:25:32;7:08:32;18:21:09;19:04:09;19:46:52
20.02.2021;7:44:16;12:44:44;17:45:13;10:00;+4:30;5:40:37;6:23:21;7:06:17;18:23:12;19:06:08;19:48:52
21.02.2021;7:41:54;12:44:38;17:47:22;10:05;+4:32;5:38:23;6:21:08;7:04:02;18:25:14;19:08:08;19:50:53
22.02.2021;7:39:31;12:44:31;17:49:31;10:10;+4:32;5:36:06;6:18:54;7:01:45;18:27:17;19:10:08;19:52:55
23.02.2021;7:37:06;12:44:23;17:51:40;10:14;+4:33;5:33:48;6:16:38;6:59:26;18:29:20;19:12:08;19:54:58
24.02.2021;7:34:41;12:44:14;17:53:48;10:19;+4:33;5:31:28;6:14:20;6:57:07;18:31:22;19:14:08;19:57:01
25.02.2021;7:32:15;12:44:05;17:55:56;10:23;+4:34;5:29:06;6:12:01;6:54:46;18:33:25;19:16:09;19:59:05
26.02.2021;7:29:48;12:43:55;17:58:03;10:28;+4:35;5:26:42;6:09:40;6:52:24;18:35:27;19:18:10;20:01:09
27.02.2021;7:27:20;12:43:45;18:00:10;10:32;+4:35;5:24:16;6:07:18;6:50:00;18:37:29;19:20:12;20:03:14
28.02.2021;7:24:51;12:43:34;18:02:17;10:37;+4:35;5:21:48;6:04:54;6:47:36;18:39:32;19:22:13;20:05:20
01.03.2021;7:22:21;12:43:22;18:04:23;10:42;+4:36;5:19:18;6:02:29;6:45:11;18:41:34;19:24:15;20:07:27
02.03.2021;7:19:51;12:43:10;18:06:29;10:46;+4:37;5:16:46;6:00:03;6:42:44;18:43:36;19:26:17;20:09:34
03.03.2021;7:17:20;12:42:57;18:08:35;10:51;+4:36;5:14:12;5:57:35;6:40:16;18:45:38;19:28:20;20:11:42
04.03.2021;7:14:48;12:42:44;18:10:40;10:55;+4:37;5:11:37;5:55:05;6:37:48;18:47:40;19:30:23;20:13:51
05.03.2021;7:12:16;12:42:30;18:12:45;11:00;+4:38;5:09:00;5:52:34;6:35:18;18:49:42;19:32:26;20:16:01
06.03.2021;7:09:43;12:42:16;18:14:49;11:05;+4:37;5:06:20;5:50:02;6:32:48;18:51:44;19:34:30;20:18:12
07.03.2021;7:07:09;12:42:01;18:16:54;11:09;+4:38;5:03:39;5:47:29;6:30:16;18:53:46;19:36:34;20:20:23
08.03.2021;7:04:35;12:41:46;18:18:57;11:14;+4:38;5:00:57;5:44:54;6:27:44;18:55:48;19:38:38;20:22:36
09.03.2021;7:02:00;12:41:31;18:21:01;11:19;+4:38;4:58:12;5:42:19;6:25:11;18:57:50;19:40:43;20:24:49
10.03.2021;6:59:25;12:41:15;18:23:04;11:23;+4:38;4:55:26;5:39:42;6:22:37;18:59:52;19:42:48;20:27:04
11.03.2021;6:56:50;12:40:58;18:25:07;11:28;+4:39;4:52:38;5:37:03;6:20:02;19:01:54;19:44:54;20:29:19
12.03.2021;6:54:14;12:40:42;18:27:10;11:32;+4:39;4:49:48;5:34:24;6:17:27;19:03:56;19:47:00;20:31:36
13.03.2021;6:51:37;12:40:25;18:29:12;11:37;+4:38;4:46:56;5:31:43;6:14:51;19:05:59;19:49:06;20:33:53
14.03.2021;6:49:01;12:40:08;18:31:14;11:42;+4:39;4:44:03;5:29:02;6:12:14;19:08:01;19:51:13;20:36:12
15.03.2021;6:46:24;12:39:50;18:33:16;11:46;+4:39;4:41:08;5:26:19;6:09:37;19:10:03;19:53:21;20:38:32
16.03.2021;6:43:47;12:39:32;18:35:18;11:51;+4:39;4:38:11;5:23:35;6:06:59;19:12:05;19:55:29;20:40:53
17.03.2021;6:41:09;12:39:14;18:37:19;11:56;+4:39;4:35:13;5:20:50;6:04:20;19:14:08;19:57:38;20:43:16
18.03.2021;6:38:32;12:38:56;18:39:20;12:00;+4:38;4:32:12;5:18:05;6:01:41;19:16:11;19:59:47;20:45:40
19.03.2021;6:35:54;12:38:38;18:41:21;12:05;+4:39;4:29:10;5:15:18;5:59:02;19:18:13;20:01:57;20:48:05
20.03.2021;6:33:16;12:38:19;18:43:22;12:10;+4:39;4:26:06;5:12:30;5:56:22;19:20:16;20:04:08;20:50:32
21.03.2021;6:30:38;12:38:00;18:45:23;12:14;+4:39;4:23:01;5:09:41;5:53:41;19:22:20;20:06:19;20:53:00
22.03.2021;6:27:59;12:37:42;18:47:24;12:19;+4:39;4:19:53;5:06:52;5:51:00;19:24:23;20:08:32;20:55:30
23.03.2021;6:25:21;12:37:23;18:49:24;12:24;+4:38;4:16:44;5:04:01;5:48:19;19:26:27;20:10:44;20:58:01
24.03.2021;6:22:43;12:37:04;18:51:24;12:28;+4:39;4:13:33;5:01:09;5:45:37;19:28:31;20:12:58;21:00:35
25.03.2021;6:20:05;12:36:45;18:53:25;12:33;+4:38;4:10:20;4:58:17;5:42:55;19:30:35;20:15:13;21:03:10
26.03.2021;6:17:27;12:36:26;18:55:25;12:37;+4:39;4:07:05;4:55:24;5:40:13;19:32:39;20:17:28;21:05:47
27.03.2021;6:14:49;12:36:07;18:57:25;12:42;+4:38;4:03:48;4:52:30;5:37:30;19:34:44;20:19:44;21:08:25
28.03.2021;6:12:11;12:35:48;18:59:25;12:47;+4:38;4:00:30;4:49:35;5:34:47;19:36:49;20:22:01;21:11:06
29.03.2021;6:09:33;12:35:29;19:01:25;12:51;+4:38;3:57:09;4:46:39;5:32:04;19:38:54;20:24:19;21:13:49
30.03.2021;6:06:55;12:35:10;19:03:25;12:56;+4:37;3:53:47;4:43:43;5:29:21;19:41:00;20:26:38;21:16:34
31.03.2021;6:04:18;12:34:52;19:05:26;13:01;+4:38;3:50:22;4:40:45;5:26:37;19:43:06;20:28:58;21:19:22
01.04.2021;6:01:41;12:34:33;19:07:26;13:05;+4:37;3:46:55;4:37:47;5:23:54;19:45:13;20:31:19;21:22:12
02.04.2021;5:59:04;12:34:15;19:09:26;13:10;+4:37;3:43:26;4:34:48;5:21:10;19:47:20;20:33:41;21:25:04
03.04.2021;5:56:28;12:33:57;19:11:26;13:14;+4:37;3:39:55;4:31:49;5:18:26;19:49:27;20:36:05;21:27:59
04.04.2021;5:53:51;12:33:39;19:13:26;13:19;+4:36;3:36:21;4:28:49;5:15:43;19:51:35;20:38:29;21:30:56
05.04.2021;5:51:16;12:33:21;19:15:26;13:24;+4:36;3:32:45;4:25:48;5:12:59;19:53:43;20:40:54;21:33:57
06.04.2021;5:48:40;12:33:03;19:17:27;13:28;+4:36;3:29:07;4:22:46;5:10:15;19:55:52;20:43:21;21:37:00
07.04.2021;5:46:05;12:32:46;19:19:27;13:33;+4:36;3:25:25;4:19:43;5:07:31;19:58:01;20:45:49;21:40:07
08.04.2021;5:43:31;12:32:29;19:21:28;13:37;+4:35;3:21:41;4:16:40;5:04:48;20:00:11;20:48:18;21:43:17
09.04.2021;5:40:57;12:32:12;19:23:28;13:42;+4:34;3:17:55;4:13:36;5:02:04;20:02:21;20:50:48;21:46:30
10.04.2021;5:38:23;12:31:56;19:25:29;13:47;+4:34;3:14:05;4:10:32;4:59:21;20:04:31;20:53:20;21:49:47
11.04.2021;5:35:50;12:31:40;19:27:30;13:51;+4:34;3:10:12;4:07:27;4:56:38;20:06:42;20:55:53;21:53:08
12.04.2021;5:33:18;12:31:24;19:29:31;13:56;+4:33;3:06:16;4:04:21;4:53:55;20:08:54;20:58:28;21:56:33
13.04.2021;5:30:46;12:31:09;19:31:32;14:00;+4:33;3:02:16;4:01:14;4:51:12;20:11:06;21:01:04;22:00:02
14.04.2021;5:28:15;12:30:54;19:33:33;14:05;+4:32;2:58:12;3:58:07;4:48:29;20:13:19;21:03:41;22:03:36
15.04.2021;5:25:45;12:30:39;19:35:34;14:09;+4:31;2:54:04;3:54:59;4:45:47;20:15:32;21:06:20;22:07:15
16.04.2021;5:23:15;12:30:25;19:37:35;14:14;+4:31;2:49:52;3:51:50;4:43:05;20:17:45;21:09:00;22:10:58
17.04.2021;5:20:47;12:30:11;19:39:36;14:18;+4:30;2:45:35;3:48:41;4:40:23;20:20:00;21:11:42;22:14:48
18.04.2021;5:18:19;12:29:58;19:41:38;14:23;+4:29;2:41:13;3:45:31;4:37:42;20:22:14;21:14:25;22:18:44
19.04.2021;5:15:52;12:29:45;19:43:39;14:27;+4:29;2:36:45;3:42:20;4:35:01;20:24:29;21:17:10;22:22:46
20.04.2021;5:13:25;12:29:33;19:45:40;14:32;+4:28;2:32:11;3:39:09;4:32:21;20:26:45;21:19:57;22:26:55
21.04.2021;5:11:00;12:29:21;19:47:42;14:36;+4:26;2:27:30;3:35:57;4:29:41;20:29:01;21:22:45;22:31:12
22.04.2021;5:08:36;12:29:10;19:49:43;14:41;+4:26;2:22:41;3:32:44;4:27:02;20:31:18;21:25:35;22:35:38
23.04.2021;5:06:12;12:28:59;19:51:45;14:45;+4:25;2:17:43;3:29:30;4:24:23;20:33:35;21:28:27;22:40:14
24.04.2021;5:03:50;12:28:48;19:53:46;14:49;+4:24;2:12:36;3:26:16;4:21:45;20:35:52;21:31:20;22:45:00
25.04.2021;5:01:29;12:28:38;19:55:48;14:54;+4:22;2:07:17;3:23:01;4:19:07;20:38:10;21:34:16;22:49:59
26.04.2021;4:59:09;12:28:29;19:57:49;14:58;+4:22;2:01:46;3:19:45;4:16:30;20:40:28;21:37:13;22:55:12
27.04.2021;4:56:50;12:28:20;19:59:51;15:03;+4:20;1:55:58;3:16:28;4:13:54;20:42:47;21:40:12;23:00:42
28.04.2021;4:54:32;12:28:12;20:01:52;15:07;+4:19;1:49:52;3:13:11;4:11:18;20:45:05;21:43:13;23:06:32
29.04.2021;4:52:16;12:28:04;20:03:53;15:11;+4:18;1:43:22;3:09:52;4:08:44;20:47:25;21:46:16;23:12:46
30.04.2021;4:50:00;12:27:57;20:05:53;15:15;+4:16;1:36:23;3:06:33;4:06:10;20:49:44;21:49:21;23:19:31
01.05.2021;4:47:47;12:27:50;20:07:54;15:20;+4:14;1:28:43;3:03:13;4:03:37;20:52:04;21:52:28;23:26:58
02.05.2021;4:45:34;12:27:44;20:09:54;15:24;+4:13;1:20:06;2:59:52;4:01:05;20:54:24;21:55:37;23:35:22
03.05.2021;4:43:23;12:27:39;20:11:54;15:28;+4:11;1:09:57;2:56:30;3:58:34;20:56:44;21:58:48;23:45:20
04.05.2021;4:41:13;12:27:34;20:13:54;15:32;+4:09;0:56:43;2:53:06;3:56:03;20:59:04;22:02:01;23:58:25
05.05.2021;4:39:05;12:27:29;20:15:53;15:36;+4:07;?;2:49:42;3:53:35;21:01:24;22:05:17;?
06.05.2021;4:36:59;12:27:25;20:17:52;15:40;+4:06;?;2:46:16;3:51:07;21:03:44;22:08:34;?
07.05.2021;4:34:54;12:27:22;20:19:50;15:44;+4:03;?;2:42:49;3:48:40;21:06:04;22:11:55;?
08.05.2021;4:32:51;12:27:19;20:21:48;15:48;+4:01;?;2:39:21;3:46:15;21:08:24;22:15:17;?
09.05.2021;4:30:49;12:27:17;20:23:45;15:52;+3:58;?;2:35:52;3:43:51;21:10:44;22:18:43;?
10.05.2021;4:28:50;12:27:16;20:25:41;15:56;+3:56;?;2:32:21;3:41:28;21:13:03;22:22:11;?
11.05.2021;4:26:52;12:27:15;20:27:37;16:00;+3:54;?;2:28:48;3:39:07;21:15:23;22:25:41;?
12.05.2021;4:24:56;12:27:14;20:29:32;16:04;+3:51;?;2:25:14;3:36:47;21:17:41;22:29:15;?
13.05.2021;4:23:02;12:27:14;20:31:26;16:08;+3:48;?;2:21:37;3:34:29;21:20:00;22:32:51;?
14.05.2021;4:21:10;12:27:15;20:33:19;16:12;+3:45;?;2:17:59;3:32:12;21:22:17;22:36:30;?
15.05.2021;4:19:20;12:27:16;20:35:11;16:15;+3:41;?;2:14:18;3:29:58;21:24:34;22:40:13;?
16.05.2021;4:17:33;12:27:18;20:37:02;16:19;+3:39;?;2:10:35;3:27:45;21:26:50;22:44:00;?
17.05.2021;4:15:47;12:27:20;20:38:52;16:23;+3:35;?;2:06:50;3:25:34;21:29:06;22:47:50;?
18.05.2021;4:14:04;12:27:23;20:40:41;16:26;+3:32;?;2:03:01;3:23:25;21:31:20;22:51:44;?
19.05.2021;4:12:23;12:27:26;20:42:28;16:30;+3:28;?;1:59:09;3:21:18;21:33:33;22:55:43;?
20.05.2021;4:10:45;12:27:29;20:44:14;16:33;+3:25;?;1:55:13;3:19:14;21:35:45;22:59:46;?
21.05.2021;4:09:09;12:27:34;20:45:59;16:36;+3:20;?;1:51:13;3:17:11;21:37:56;23:03:55;?
22.05.2021;4:07:35;12:27:38;20:47:41;16:40;+3:16;?;1:47:08;3:15:11;21:40:05;23:08:09;?
23.05.2021;4:06:05;12:27:44;20:49:23;16:43;+3:12;?;1:42:57;3:13:14;21:42:13;23:12:31;?
24.05.2021;4:04:36;12:27:49;20:51:02;16:46;+3:08;?;1:38:39;3:11:19;21:44:19;23:17:00;?
25.05.2021;4:03:11;12:27:55;20:52:40;16:49;+3:03;?;1:34:13;3:09:27;21:46:23;23:21:38;?
26.05.2021;4:01:49;12:28:02;20:54:15;16:52;+2:58;?;1:29:37;3:07:38;21:48:25;23:26:26;?
27.05.2021;4:00:29;12:28:09;20:55:49;16:55;+2:53;?;1:24:49;3:05:52;21:50:25;23:31:28;?
28.05.2021;3:59:12;12:28:16;20:57:20;16:58;+2:49;?;1:19:45;3:04:09;21:52:23;23:36:47;?
29.05.2021;3:57:58;12:28:24;20:58:49;17:00;+2:42;?;1:14:20;3:02:29;21:54:18;23:42:28;?
30.05.2021;3:56:48;12:28:32;21:00:16;17:03;+2:38;?;1:08:25;3:00:53;21:56:11;23:48:39;?
31.05.2021;3:55:40;12:28:41;21:01:41;17:06;+2:32;?;1:01:44;2:59:20;21:58:01;23:55:37;?
01.06.2021;3:54:36;12:28:49;21:03:03;17:08;+2:26;?;0:53:38;2:57:51;21:59:48;0:04:01;?
02.06.2021;3:53:35;12:28:59;21:04:22;17:10;+2:20;?;0:41:37;2:56:26;22:01:31;0:16:20;?
03.06.2021;3:52:37;12:29:08;21:05:39;17:13;+2:15;?;?;2:55:04;22:03:12;?;?
04.06.2021;3:51:43;12:29:18;21:06:53;17:15;+2:08;?;?;2:53:47;22:04:49;?;?
05.06.2021;3:50:52;12:29:28;21:08:03;17:17;+2:01;?;?;2:52:34;22:06:22;?;?
06.06.2021;3:50:05;12:29:38;21:09:11;17:19;+1:56;?;?;2:51:25;22:07:52;?;?
07.06.2021;3:49:22;12:29:49;21:10:16;17:20;+1:48;?;?;2:50:21;22:09:17;?;?
08.06.2021;3:48:42;12:30:00;21:11:18;17:22;+1:42;?;?;2:49:21;22:10:39;?;?
09.06.2021;3:48:05;12:30:11;21:12:17;17:24;+1:35;?;?;2:48:26;22:11:56;?;?
10.06.2021;3:47:33;12:30:22;21:13:12;17:25;+1:28;?;?;2:47:36;22:13:09;?;?
11.06.2021;3:47:04;12:30:34;21:14:04;17:26;+1:20;?;?;2:46:51;22:14:17;?;?
12.06.2021;3:46:39;12:30:45;21:14:52;17:28;+1:14;?;?;2:46:10;22:15:20;?;?
13.06.2021;3:46:17;12:30:57;21:15:37;17:29;+1:06;?;?;2:45:35;22:16:18;?;?
14.06.2021;3:46:00;12:31:09;21:16:18;17:30;+0:58;?;?;2:45:06;22:17:12;?;?
15.06.2021;3:45:46;12:31:21;21:16:55;17:31;+0:52;?;?;2:44:41;22:18:00;?;?
16.06.2021;3:45:37;12:31:33;21:17:29;17:31;+0:43;?;?;2:44:22;22:18:43;?;?
17.06.2021;3:45:31;12:31:45;21:17:59;17:32;+0:36;?;?;2:44:09;22:19:21;?;?
18.06.2021;3:45:29;12:31:57;21:18:26;17:32;+0:28;?;?;2:44:01;22:19:53;?;?
19.06.2021;3:45:31;12:32:09;21:18:48;17:33;+0:21;?;?;2:43:59;22:20:20;?;?
20.06.2021;3:45:37;12:32:22;21:19:07;17:33;+0:12;?;?;2:44:02;22:20:42;?;?
21.06.2021;3:45:47;12:32:34;21:19:21;17:33;+0:05;?;?;2:44:11;22:20:57;?;?
22.06.2021;3:46:00;12:32:46;21:19:32;17:33;?0:03;?;?;2:44:25;22:21:07;?;?
23.06.2021;3:46:18;12:32:58;21:19:39;17:33;?0:11;?;?;2:44:45;22:21:12;?;?
24.06.2021;3:46:39;12:33:10;21:19:42;17:33;?0:18;?;?;2:45:10;22:21:11;?;?
25.06.2021;3:47:04;12:33:22;21:19:40;17:32;?0:26;?;?;2:45:41;22:21:04;?;?
26.06.2021;3:47:33;12:33:34;21:19:35;17:32;?0:34;?;?;2:46:17;22:20:52;?;?
27.06.2021;3:48:05;12:33:46;21:19:26;17:31;?0:42;?;?;2:46:58;22:20:34;?;?
28.06.2021;3:48:41;12:33:57;21:19:13;17:30;?0:49;?;?;2:47:44;22:20:10;?;?
29.06.2021;3:49:21;12:34:09;21:18:56;17:29;?0:56;?;?;2:48:36;22:19:42;?;?
30.06.2021;3:50:04;12:34:20;21:18:36;17:28;?1:04;?;?;2:49:32;22:19:08;?;?
01.07.2021;3:50:51;12:34:31;21:18:11;17:27;?1:11;?;?;2:50:34;22:18:28;?;?
02.07.2021;3:51:41;12:34:42;21:17:43;17:26;?1:19;?;?;2:51:40;22:17:44;?;?
03.07.2021;3:52:35;12:34:52;21:17:10;17:24;?1:26;?;?;2:52:50;22:16:54;?;?
04.07.2021;3:53:31;12:35:03;21:16:34;17:23;?1:32;?;?;2:54:05;22:16:00;?;?
05.07.2021;3:54:31;12:35:13;21:15:55;17:21;?1:40;?;?;2:55:24;22:15:01;?;?
06.07.2021;3:55:34;12:35:22;21:15:11;17:19;?1:46;?;?;2:56:48;22:13:57;?;?
07.07.2021;3:56:40;12:35:32;21:14:24;17:17;?1:53;?;?;2:58:15;22:12:49;?;?
08.07.2021;3:57:48;12:35:41;21:13:34;17:15;?1:59;?;?;2:59:46;22:11:36;?;?
09.07.2021;3:59:00;12:35:50;21:12:39;17:13;?2:06;?;?;3:01:20;22:10:19;?;?
10.07.2021;4:00:14;12:35:58;21:11:42;17:11;?2:12;?;0:41:20;3:02:58;22:08:58;0:30:36;?
11.07.2021;4:01:31;12:36:06;21:10:41;17:09;?2:18;?;0:57:55;3:04:39;22:07:33;0:14:18;?
12.07.2021;4:02:51;12:36:14;21:09:37;17:06;?2:24;?;1:06:57;3:06:23;22:06:04;0:05:31;?
13.07.2021;4:04:13;12:36:21;21:08:29;17:04;?2:29;?;1:14:12;3:08:10;22:04:32;23:58:30;?
14.07.2021;4:05:37;12:36:28;21:07:19;17:01;?2:35;?;1:20:33;3:10:00;22:02:56;23:52:23;?
15.07.2021;4:07:04;12:36:34;21:06:05;16:59;?2:40;?;1:26:18;3:11:52;22:01:16;23:46:50;?
16.07.2021;4:08:32;12:36:40;21:04:48;16:56;?2:46;?;1:31:40;3:13:47;21:59:33;23:41:40;?
17.07.2021;4:10:03;12:36:46;21:03:28;16:53;?2:50;?;1:36:44;3:15:44;21:57:47;23:36:48;?
18.07.2021;4:11:36;12:36:51;21:02:06;16:50;?2:56;?;1:41:33;3:17:43;21:55:58;23:32:08;?
19.07.2021;4:13:10;12:36:55;21:00:40;16:47;?3:00;?;1:46:11;3:19:44;21:54:06;23:27:39;?
20.07.2021;4:14:47;12:36:59;20:59:12;16:44;?3:04;?;1:50:39;3:21:46;21:52:12;23:23:19;?
21.07.2021;4:16:25;12:37:03;20:57:41;16:41;?3:09;?;1:55:00;3:23:51;21:50:14;23:19:06;?
22.07.2021;4:18:04;12:37:06;20:56:07;16:38;?3:14;?;1:59:13;3:25:57;21:48:14;23:14:58;?
23.07.2021;4:19:45;12:37:08;20:54:31;16:34;?3:17;?;2:03:20;3:28:04;21:46:12;23:10:56;?
24.07.2021;4:21:28;12:37:10;20:52:52;16:31;?3:21;?;2:07:21;3:30:13;21:44:07;23:06:59;?
25.07.2021;4:23:12;12:37:11;20:51:11;16:27;?3:25;?;2:11:18;3:32:22;21:42:00;23:03:05;?
26.07.2021;4:24:57;12:37:12;20:49:27;16:24;?3:29;?;2:15:10;3:34:33;21:39:51;22:59:15;?
27.07.2021;4:26:43;12:37:13;20:47:42;16:20;?3:32;?;2:18:57;3:36:45;21:37:40;22:55:28;?
28.07.2021;4:28:31;12:37:12;20:45:54;16:17;?3:36;?;2:22:41;3:38:58;21:35:27;22:51:43;?
29.07.2021;4:30:19;12:37:11;20:44:04;16:13;?3:38;?;2:26:21;3:41:11;21:33:12;22:48:01;?
30.07.2021;4:32:09;12:37:10;20:42:11;16:10;?3:42;?;2:29:58;3:43:25;21:30:55;22:44:22;?
31.07.2021;4:33:59;12:37:08;20:40:17;16:06;?3:45;?;2:33:31;3:45:39;21:28:37;22:40:44;?
01.08.2021;4:35:50;12:37:05;20:38:21;16:02;?3:47;?;2:37:02;3:47:54;21:26:17;22:37:09;?
02.08.2021;4:37:42;12:37:02;20:36:22;15:58;?3:50;?;2:40:29;3:50:09;21:23:55;22:33:35;?
03.08.2021;4:39:34;12:36:58;20:34:22;15:54;?3:53;?;2:43:54;3:52:25;21:21:32;22:30:03;?
04.08.2021;4:41:28;12:36:54;20:32:21;15:50;?3:55;?;2:47:16;3:54:41;21:19:08;22:26:32;?
05.08.2021;4:43:21;12:36:49;20:30:17;15:46;?3:57;?;2:50:35;3:56:56;21:16:42;22:23:03;?
06.08.2021;4:45:16;12:36:44;20:28:12;15:42;?3:59;?;2:53:52;3:59:12;21:14:15;22:19:35;?
07.08.2021;4:47:10;12:36:37;20:26:05;15:38;?4:02;?;2:57:06;4:01:28;21:11:46;22:16:08;?
08.08.2021;4:49:05;12:36:31;20:23:56;15:34;?4:04;0:55:30;3:00:18;4:03:44;21:09:17;22:12:43;0:17:31
09.08.2021;4:51:01;12:36:23;20:21:46;15:30;?4:05;1:12:13;3:03:28;4:06:00;21:06:46;22:09:19;0:00:34
10.08.2021;4:52:56;12:36:15;20:19:34;15:26;?4:07;1:23:22;3:06:35;4:08:16;21:04:15;22:05:55;23:49:09
11.08.2021;4:54:52;12:36:07;20:17:21;15:22;?4:10;1:32:23;3:09:41;4:10:32;21:01:42;22:02:33;23:39:51
12.08.2021;4:56:49;12:35:58;20:15:07;15:18;?4:10;1:40:11;3:12:44;4:12:47;20:59:09;21:59:12;23:31:45
13.08.2021;4:58:45;12:35:48;20:12:51;15:14;?4:12;1:47:10;3:15:45;4:15:02;20:56:34;21:55:51;23:24:26
14.08.2021;5:00:42;12:35:38;20:10:34;15:09;?4:14;1:53:34;3:18:44;4:17:17;20:53:59;21:52:32;23:17:41
15.08.2021;5:02:38;12:35:27;20:08:16;15:05;?4:15;1:59:31;3:21:41;4:19:32;20:51:23;21:49:13;23:11:23
16.08.2021;5:04:35;12:35:16;20:05:56;15:01;?4:16;2:05:05;3:24:36;4:21:46;20:48:46;21:45:55;23:05:26
17.08.2021;5:06:32;12:35:04;20:03:36;14:57;?4:18;2:10:22;3:27:29;4:23:59;20:46:08;21:42:38;22:59:46
18.08.2021;5:08:29;12:34:51;20:01:14;14:52;?4:18;2:15:22;3:30:20;4:26:13;20:43:30;21:39:22;22:54:20
19.08.2021;5:10:26;12:34:38;19:58:51;14:48;?4:20;2:20:10;3:33:10;4:28:26;20:40:51;21:36:07;22:49:07
20.08.2021;5:12:23;12:34:25;19:56:27;14:44;?4:21;2:24:46;3:35:58;4:30:38;20:38:11;21:32:52;22:44:04
21.08.2021;5:14:19;12:34:11;19:54:02;14:39;?4:22;2:29:12;3:38:43;4:32:50;20:35:31;21:29:38;22:39:10
22.08.2021;5:16:16;12:33:56;19:51:36;14:35;?4:23;2:33:28;3:41:28;4:35:02;20:32:51;21:26:25;22:34:24
23.08.2021;5:18:13;12:33:41;19:49:09;14:30;?4:23;2:37:37;3:44:10;4:37:13;20:30:09;21:23:12;22:29:45
24.08.2021;5:20:10;12:33:26;19:46:41;14:26;?4:25;2:41:38;3:46:51;4:39:23;20:27:28;21:20:00;22:25:14
25.08.2021;5:22:06;12:33:10;19:44:13;14:22;?4:25;2:45:31;3:49:30;4:41:33;20:24:46;21:16:49;22:20:48
26.08.2021;5:24:03;12:32:53;19:41:43;14:17;?4:26;2:49:19;3:52:08;4:43:43;20:22:03;21:13:39;22:16:27
27.08.2021;5:25:59;12:32:36;19:39:13;14:13;?4:26;2:53:01;3:54:44;4:45:52;20:19:21;21:10:29;22:12:11
28.08.2021;5:27:55;12:32:19;19:36:42;14:08;?4:28;2:56:37;3:57:18;4:48:00;20:16:37;21:07:19;22:08:00
29.08.2021;5:29:52;12:32:01;19:34:10;14:04;?4:28;3:00:09;3:59:51;4:50:08;20:13:54;21:04:11;22:03:53
30.08.2021;5:31:48;12:31:43;19:31:38;13:59;?4:28;3:03:35;4:02:23;4:52:15;20:11:10;21:01:03;21:59:50
31.08.2021;5:33:43;12:31:24;19:29:05;13:55;?4:29;3:06:57;4:04:53;4:54:22;20:08:26;20:57:56;21:55:51
01.09.2021;5:35:39;12:31:05;19:26:31;13:50;?4:29;3:10:15;4:07:21;4:56:28;20:05:42;20:54:49;21:51:55
02.09.2021;5:37:35;12:30:46;19:23:57;13:46;?4:30;3:13:29;4:09:49;4:58:34;20:02:58;20:51:43;21:48:03
03.09.2021;5:39:31;12:30:26;19:21:22;13:41;?4:31;3:16:39;4:12:15;5:00:40;20:00:13;20:48:38;21:44:13
04.09.2021;5:41:26;12:30:06;19:18:47;13:37;?4:30;3:19:46;4:14:39;5:02:44;19:57:29;20:45:34;21:40:27
05.09.2021;5:43:21;12:29:46;19:16:11;13:32;?4:32;3:22:49;4:17:03;5:04:49;19:54:44;20:42:30;21:36:43
06.09.2021;5:45:17;12:29:26;19:13:35;13:28;?4:31;3:25:50;4:19:25;5:06:52;19:51:59;20:39:26;21:33:02
07.09.2021;5:47:12;12:29:05;19:10:58;13:23;?4:32;3:28:47;4:21:46;5:08:56;19:49:14;20:36:24;21:29:23
08.09.2021;5:49:07;12:28:44;19:08:21;13:19;?4:32;3:31:41;4:24:06;5:10:59;19:46:29;20:33:22;21:25:47
09.09.2021;5:51:02;12:28:23;19:05:44;13:14;?4:33;3:34:32;4:26:25;5:13:01;19:43:44;20:30:21;21:22:13
10.09.2021;5:52:57;12:28:01;19:03:06;13:10;?4:32;3:37:21;4:28:42;5:15:03;19:41:00;20:27:21;21:18:42
11.09.2021;5:54:52;12:27:40;19:00:28;13:05;?4:33;3:40:07;4:30:59;5:17:05;19:38:15;20:24:21;21:15:12
12.09.2021;5:56:46;12:27:18;18:57:50;13:01;?4:33;3:42:51;4:33:14;5:19:06;19:35:30;20:21:22;21:11:45
13.09.2021;5:58:41;12:26:56;18:55:11;12:56;?4:34;3:45:32;4:35:29;5:21:07;19:32:46;20:18:24;21:08:20
14.09.2021;6:00:36;12:26:34;18:52:32;12:51;?4:33;3:48:12;4:37:42;5:23:07;19:30:01;20:15:26;21:04:57
15.09.2021;6:02:31;12:26:12;18:49:53;12:47;?4:34;3:50:49;4:39:54;5:25:07;19:27:17;20:12:30;21:01:36
16.09.2021;6:04:26;12:25:50;18:47:14;12:42;?4:34;3:53:24;4:42:06;5:27:07;19:24:33;20:09:34;20:58:16
17.09.2021;6:06:21;12:25:28;18:44:35;12:38;?4:34;3:55:57;4:44:17;5:29:06;19:21:49;20:06:39;20:54:59
18.09.2021;6:08:16;12:25:06;18:41:56;12:33;?4:34;3:58:28;4:46:27;5:31:05;19:19:06;20:03:45;20:51:43
19.09.2021;6:10:11;12:24:43;18:39:16;12:29;?4:35;4:00:57;4:48:36;5:33:04;19:16:23;20:00:51;20:48:30
20.09.2021;6:12:06;12:24:21;18:36:37;12:24;?4:34;4:03:25;4:50:44;5:35:03;19:13:40;19:57:59;20:45:18
21.09.2021;6:14:01;12:23:59;18:33:58;12:19;?4:35;4:05:51;4:52:51;5:37:01;19:10:57;19:55:07;20:42:07
22.09.2021;6:15:56;12:23:37;18:31:18;12:15;?4:34;4:08:15;4:54:58;5:38:59;19:08:15;19:52:16;20:38:59
23.09.2021;6:17:52;12:23:15;18:28:39;12:10;?4:35;4:10:38;4:57:04;5:40:57;19:05:34;19:49:26;20:35:52
24.09.2021;6:19:47;12:22:54;18:26:00;12:06;?4:35;4:12:59;4:59:10;5:42:55;19:02:52;19:46:37;20:32:48
25.09.2021;6:21:43;12:22:32;18:23:21;12:01;?4:34;4:15:19;5:01:14;5:44:52;19:00:12;19:43:49;20:29:44
26.09.2021;6:23:39;12:22:10;18:20:42;11:57;?4:35;4:17:38;5:03:19;5:46:50;18:57:31;19:41:02;20:26:43
27.09.2021;6:25:35;12:21:49;18:18:04;11:52;?4:35;4:19:55;5:05:22;5:48:47;18:54:51;19:38:16;20:23:43
28.09.2021;6:27:31;12:21:28;18:15:25;11:47;?4:35;4:22:11;5:07:25;5:50:44;18:52:12;19:35:31;20:20:45
29.09.2021;6:29:28;12:21:07;18:12:47;11:43;?4:34;4:24:26;5:09:27;5:52:41;18:49:34;19:32:47;20:17:49
30.09.2021;6:31:25;12:20:47;18:10:09;11:38;?4:35;4:26:40;5:11:29;5:54:38;18:46:56;19:30:04;20:14:54
01.10.2021;6:33:22;12:20:27;18:07:32;11:34;?4:35;4:28:52;5:13:31;5:56:35;18:44:18;19:27:22;20:12:01
02.10.2021;6:35:19;12:20:07;18:04:54;11:29;?4:34;4:31:03;5:15:32;5:58:32;18:41:41;19:24:42;20:09:10
03.10.2021;6:37:17;12:19:47;18:02:18;11:25;?4:35;4:33:14;5:17:32;6:00:29;18:39:05;19:22:02;20:06:21
04.10.2021;6:39:15;12:19:28;17:59:41;11:20;?4:34;4:35:23;5:19:32;6:02:26;18:36:30;19:19:24;20:03:33
05.10.2021;6:41:13;12:19:09;17:57:05;11:15;?4:34;4:37:32;5:21:32;6:04:23;18:33:56;19:16:46;20:00:47
06.10.2021;6:43:12;12:18:51;17:54:30;11:11;?4:34;4:39:39;5:23:31;6:06:19;18:31:22;19:14:10;19:58:02
07.10.2021;6:45:11;12:18:33;17:51:55;11:06;?4:34;4:41:46;5:25:30;6:08:16;18:28:49;19:11:35;19:55:20
08.10.2021;6:47:10;12:18:15;17:49:21;11:02;?4:34;4:43:52;5:27:29;6:10:13;18:26:17;19:09:02;19:52:39
09.10.2021;6:49:10;12:17:58;17:46:47;10:57;?4:33;4:45:57;5:29:27;6:12:10;18:23:46;19:06:29;19:50:00
10.10.2021;6:51:10;12:17:42;17:44:14;10:53;?4:33;4:48:01;5:31:25;6:14:07;18:21:16;19:03:58;19:47:23
11.10.2021;6:53:10;12:17:26;17:41:41;10:48;?4:33;4:50:04;5:33:23;6:16:05;18:18:47;19:01:28;19:44:47
12.10.2021;6:55:11;12:17:10;17:39:10;10:43;?4:33;4:52:07;5:35:21;6:18:02;18:16:19;18:59:00;19:42:14
13.10.2021;6:57:12;12:16:55;17:36:39;10:39;?4:32;4:54:09;5:37:18;6:19:59;18:13:52;18:56:33;19:39:42
14.10.2021;6:59:14;12:16:41;17:34:08;10:34;?4:32;4:56:10;5:39:15;6:21:57;18:11:26;18:54:08;19:37:12
15.10.2021;7:01:16;12:16:27;17:31:39;10:30;?4:31;4:58:11;5:41:11;6:23:54;18:09:01;18:51:43;19:34:44
16.10.2021;7:03:18;12:16:14;17:29:10;10:25;?4:32;5:00:11;5:43:08;6:25:52;18:06:37;18:49:21;19:32:18
17.10.2021;7:05:21;12:16:02;17:26:43;10:21;?4:30;5:02:10;5:45:04;6:27:49;18:04:14;18:47:00;19:29:53
18.10.2021;7:07:24;12:15:50;17:24:16;10:16;?4:30;5:04:09;5:47:00;6:29:47;18:01:53;18:44:40;19:27:31
19.10.2021;7:09:28;12:15:39;17:21:50;10:12;?4:30;5:06:07;5:48:56;6:31:45;17:59:33;18:42:22;19:25:11
20.10.2021;7:11:32;12:15:28;17:19:25;10:07;?4:28;5:08:05;5:50:51;6:33:43;17:57:14;18:40:06;19:22:52
21.10.2021;7:13:36;12:15:19;17:17:01;10:03;?4:29;5:10:02;5:52:46;6:35:41;17:54:56;18:37:51;19:20:36
22.10.2021;7:15:41;12:15:10;17:14:38;9:58;?4:27;5:11:58;5:54:41;6:37:39;17:52:40;18:35:38;19:18:21
23.10.2021;7:17:46;12:15:01;17:12:17;9:54;?4:27;5:13:54;5:56:36;6:39:37;17:50:25;18:33:26;19:16:09
24.10.2021;7:19:51;12:14:54;17:09:56;9:50;?4:26;5:15:49;5:58:31;6:41:36;17:48:12;18:31:17;19:13:58
25.10.2021;7:21:57;12:14:47;17:07:37;9:45;?4:25;5:17:44;6:00:25;6:43:34;17:46:00;18:29:09;19:11:50
26.10.2021;7:24:03;12:14:41;17:05:19;9:41;?4:24;5:19:38;6:02:19;6:45:32;17:43:50;18:27:02;19:09:44
27.10.2021;7:26:09;12:14:36;17:03:02;9:36;?4:23;5:21:32;6:04:13;6:47:31;17:41:41;18:24:58;19:07:40
28.10.2021;7:28:16;12:14:31;17:00:46;9:32;?4:22;5:23:25;6:06:07;6:49:29;17:39:34;18:22:56;19:05:38
29.10.2021;7:30:23;12:14:27;16:58:32;9:28;?4:21;5:25:17;6:08:00;6:51:27;17:37:28;18:20:55;19:03:38
30.10.2021;7:32:30;12:14:25;16:56:20;9:23;?4:19;5:27:09;6:09:53;6:53:25;17:35:24;18:18:56;19:01:40
31.10.2021;7:34:37;12:14:23;16:54:09;9:19;?4:19;5:29:00;6:11:45;6:55:23;17:33:22;18:17:00;18:59:45
01.11.2021;7:36:44;12:14:21;16:51:59;9:15;?4:16;5:30:51;6:13:38;6:57:21;17:31:21;18:15:05;18:57:52
02.11.2021;7:38:51;12:14:21;16:49:51;9:10;?4:16;5:32:41;6:15:29;6:59:19;17:29:23;18:13:12;18:56:01
03.11.2021;7:40:58;12:14:21;16:47:44;9:06;?4:14;5:34:30;6:17:21;7:01:17;17:27:26;18:11:22;18:54:12
04.11.2021;7:43:06;12:14:23;16:45:39;9:02;?4:12;5:36:19;6:19:12;7:03:14;17:25:31;18:09:33;18:52:26
05.11.2021;7:45:13;12:14:25;16:43:36;8:58;?4:10;5:38:07;6:21:03;7:05:11;17:23:38;18:07:47;18:50:42
06.11.2021;7:47:20;12:14:28;16:41:35;8:54;?4:09;5:39:55;6:22:53;7:07:08;17:21:47;18:06:03;18:49:01
07.11.2021;7:49:27;12:14:32;16:39:36;8:50;?4:06;5:41:41;6:24:42;7:09:05;17:19:59;18:04:21;18:47:22
08.11.2021;7:51:34;12:14:36;16:37:38;8:46;?4:05;5:43:27;6:26:31;7:11:01;17:18:12;18:02:41;18:45:45
09.11.2021;7:53:41;12:14:42;16:35:43;8:42;?4:02;5:45:13;6:28:19;7:12:56;17:16:27;18:01:04;18:44:11
10.11.2021;7:55:47;12:14:48;16:33:49;8:38;?4:00;5:46:57;6:30:07;7:14:51;17:14:45;17:59:29;18:42:39
11.11.2021;7:57:53;12:14:55;16:31:57;8:34;?3:57;5:48:41;6:31:54;7:16:46;17:13:04;17:57:56;18:41:10
12.11.2021;7:59:58;12:15:03;16:30:08;8:30;?3:55;5:50:23;6:33:41;7:18:40;17:11:26;17:56:26;18:39:43
13.11.2021;8:02:03;12:15:12;16:28:21;8:26;?3:52;5:52:05;6:35:26;7:20:33;17:09:51;17:54:58;18:38:19
14.11.2021;8:04:07;12:15:22;16:26:36;8:22;?3:49;5:53:46;6:37:11;7:22:26;17:08:17;17:53:32;18:36:57
15.11.2021;8:06:11;12:15:32;16:24:53;8:18;?3:46;5:55:26;6:38:55;7:24:18;17:06:47;17:52:10;18:35:39
16.11.2021;8:08:14;12:15:43;16:23:13;8:14;?3:43;5:57:05;6:40:38;7:26:09;17:05:18;17:50:49;18:34:22
17.11.2021;8:10:16;12:15:56;16:21:35;8:11;?3:40;5:58:42;6:42:20;7:27:59;17:03:52;17:49:31;18:33:09
18.11.2021;8:12:17;12:16:08;16:20:00;8:07;?3:36;6:00:19;6:44:01;7:29:48;17:02:29;17:48:16;18:31:58
19.11.2021;8:14:17;12:16:22;16:18:28;8:04;?3:32;6:01:55;6:45:40;7:31:36;17:01:09;17:47:04;18:30:50
20.11.2021;8:16:15;12:16:37;16:16:58;8:00;?3:29;6:03:29;6:47:19;7:33:22;16:59:51;17:45:54;18:29:44
21.11.2021;8:18:13;12:16:52;16:15:31;7:57;?3:25;6:05:02;6:48:57;7:35:08;16:58:36;17:44:47;18:28:41
22.11.2021;8:20:09;12:17:08;16:14:06;7:53;?3:21;6:06:34;6:50:33;7:36:52;16:57:23;17:43:43;18:27:42
23.11.2021;8:22:04;12:17:25;16:12:45;7:50;?3:16;6:08:05;6:52:08;7:38:35;16:56:14;17:42:41;18:26:44
24.11.2021;8:23:58;12:17:42;16:11:26;7:47;?3:12;6:09:34;6:53:41;7:40:17;16:55:07;17:41:43;18:25:50
25.11.2021;8:25:49;12:18:00;16:10:11;7:44;?3:07;6:11:01;6:55:13;7:41:57;16:54:03;17:40:47;18:24:59
26.11.2021;8:27:39;12:18:19;16:08:59;7:41;?3:02;6:12:28;6:56:44;7:43:35;16:53:03;17:39:54;18:24:10
27.11.2021;8:29:27;12:18:38;16:07:49;7:38;?2:58;6:13:52;6:58:13;7:45:12;16:52:05;17:39:04;18:23:25
28.11.2021;8:31:14;12:18:59;16:06:43;7:35;?2:52;6:15:15;6:59:40;7:46:47;16:51:10;17:38:17;18:22:42
29.11.2021;8:32:58;12:19:19;16:05:41;7:32;?2:46;6:16:37;7:01:06;7:48:20;16:50:19;17:37:33;18:22:02
30.11.2021;8:34:40;12:19:41;16:04:42;7:30;?2:42;6:17:56;7:02:29;7:49:51;16:49:31;17:36:52;18:21:25
01.12.2021;8:36:20;12:20:03;16:03:46;7:27;?2:35;6:19:14;7:03:51;7:51:20;16:48:46;17:36:14;18:20:51
02.12.2021;8:37:57;12:20:25;16:02:54;7:24;?2:30;6:20:31;7:05:11;7:52:47;16:48:04;17:35:39;18:20:20
03.12.2021;8:39:32;12:20:49;16:02:05;7:22;?2:23;6:21:45;7:06:29;7:54:12;16:47:25;17:35:08;18:19:52
04.12.2021;8:41:04;12:21:12;16:01:20;7:20;?2:17;6:22:57;7:07:46;7:55:34;16:46:50;17:34:39;18:19:27
05.12.2021;8:42:34;12:21:36;16:00:39;7:18;?2:11;6:24:08;7:08:59;7:56:54;16:46:19;17:34:14;18:19:05
06.12.2021;8:44:00;12:22:01;16:00:02;7:16;?2:04;6:25:16;7:10:11;7:58:12;16:45:50;17:33:51;18:18:46
07.12.2021;8:45:24;12:22:26;15:59:29;7:14;?1:57;6:26:22;7:11:21;7:59:27;16:45:25;17:33:32;18:18:31
08.12.2021;8:46:45;12:22:52;15:58:59;7:12;?1:50;6:27:26;7:12:28;8:00:40;16:45:04;17:33:16;18:18:18
09.12.2021;8:48:02;12:23:18;15:58:33;7:10;?1:43;6:28:28;7:13:33;8:01:50;16:44:46;17:33:03;18:18:08
10.12.2021;8:49:17;12:23:44;15:58:12;7:08;?1:36;6:29:28;7:14:35;8:02:57;16:44:32;17:32:54;18:18:01
11.12.2021;8:50:28;12:24:11;15:57:54;7:07;?1:29;6:30:25;7:15:35;8:04:01;16:44:21;17:32:47;18:17:57
12.12.2021;8:51:35;12:24:38;15:57:41;7:06;?1:21;6:31:20;7:16:32;8:05:03;16:44:14;17:32:44;18:17:56
13.12.2021;8:52:39;12:25:05;15:57:31;7:04;?1:13;6:32:13;7:17:27;8:06:01;16:44:10;17:32:44;18:17:58
14.12.2021;8:53:40;12:25:33;15:57:26;7:03;?1:06;6:33:03;7:18:19;8:06:56;16:44:10;17:32:47;18:18:03
15.12.2021;8:54:37;12:26:01;15:57:25;7:02;?0:58;6:33:51;7:19:08;8:07:49;16:44:13;17:32:54;18:18:11
16.12.2021;8:55:30;12:26:29;15:57:29;7:01;?0:50;6:34:36;7:19:55;8:08:38;16:44:20;17:33:03;18:18:22
17.12.2021;8:56:19;12:26:58;15:57:36;7:01;?0:42;6:35:19;7:20:39;8:09:24;16:44:31;17:33:16;18:18:36
18.12.2021;8:57:05;12:27:26;15:57:48;7:00;?0:34;6:35:59;7:21:20;8:10:07;16:44:45;17:33:32;18:18:53
19.12.2021;8:57:46;12:27:55;15:58:03;7:00;?0:25;6:36:36;7:21:58;8:10:46;16:45:03;17:33:51;18:19:13
20.12.2021;8:58:23;12:28:23;15:58:23;6:59;?0:18;6:37:11;7:22:33;8:11:22;16:45:24;17:34:13;18:19:36
21.12.2021;8:58:57;12:28:52;15:58:48;6:59;?0:09;6:37:43;7:23:06;8:11:55;16:45:49;17:34:39;18:20:02
22.12.2021;8:59:26;12:29:21;15:59:16;6:59;?0:01;6:38:12;7:23:35;8:12:24;16:46:18;17:35:07;18:20:30
23.12.2021;8:59:52;12:29:50;15:59:48;6:59;+0:07;6:38:38;7:24:01;8:12:50;16:46:50;17:35:39;18:21:02
24.12.2021;9:00:13;12:30:19;16:00:25;7:00;+0:16;6:39:02;7:24:24;8:13:13;16:47:25;17:36:13;18:21:36
25.12.2021;9:00:30;12:30:48;16:01:06;7:00;+0:23;6:39:23;7:24:44;8:13:32;16:48:04;17:36:51;18:22:13
26.12.2021;9:00:43;12:31:17;16:01:50;7:01;+0:32;6:39:41;7:25:01;8:13:47;16:48:46;17:37:32;18:22:52
27.12.2021;9:00:51;12:31:45;16:02:39;7:01;+0:40;6:39:56;7:25:15;8:13:59;16:49:32;17:38:15;18:23:35
28.12.2021;9:00:56;12:32:14;16:03:32;7:02;+0:48;6:40:08;7:25:26;8:14:07;16:50:20;17:39:01;18:24:20
29.12.2021;9:00:56;12:32:42;16:04:28;7:03;+0:56;6:40:17;7:25:34;8:14:12;16:51:13;17:39:51;18:25:07
30.12.2021;9:00:53;12:33:10;16:05:28;7:04;+1:04;6:40:24;7:25:38;8:14:13;16:52:08;17:40:43;18:25:57
31.12.2021;9:00:45;12:33:38;16:06:32;7:05;+1:12;6:40:27;7:25:39;8:14:11;16:53:06;17:41:37;18:26:50
